[{"patente":"JN1EY1AP9DM383132","marca":"Mercedes","modelo":"2012","precio":"$7.14B"},{"patente":"JTEBU5JR7D5423041","marca":"Mazda","modelo":1990,"precio":"$13B"},{"patente":"JH4CU2F64CC878928","marca":"Volkswagen","modelo":2006,"precio":"$389.01M"},{"patente":"1FTEW1CWXAF880789","marca":"Jeep","modelo":2008,"precio":"$43.29B"},{"patente":"5UXFB53586L765990","marca":"Ford","modelo":2005,"precio":"$1.97B"},{"patente":"WBAVL1C56DV841062","marca":"Lexus","modelo":2010,"precio":"$5B"},{"patente":"1FTWF3D59AE156488","marca":"Suzuki","modelo":2005,"precio":"$17.19B"},{"patente":"19UUA56983A445975","marca":"Mitsubishi","modelo":2003,"precio":"$17.43B"},{"patente":"KMHHT6KD2CU479012","marca":"Mazda","modelo":2008,"precio":"$1.02B"},{"patente":"JN8AS5MT6AW985164","marca":"Mazda","modelo":1994,"precio":"$19.42M"},{"patente":"19VDE1F37EE052520","marca":"Nissan","modelo":2012,"precio":"$126.29M"},{"patente":"5J8TB1H52CA983275","marca":"Buick","modelo":1997,"precio":"n\/a"},{"patente":"WAUWFAFL7AA071513","marca":"Volvo","modelo":2009,"precio":"$7.77B"},{"patente":"JM1DE1KY8D0639597","marca":"Dodge","modelo":2009,"precio":"n\/a"},{"patente":"WAUDF98E65A076387","marca":"Buick","modelo":1986,"precio":"$750.72M"},{"patente":"2LMDJ8JKXFB930668","marca":"Aston Martin","modelo":2010,"precio":"$180.01M"},{"patente":"WAUSF78E87A862366","marca":"Buick","modelo":1986,"precio":"$683.54M"},{"patente":"1G6DS8E31D0535392","marca":"Chevrolet","modelo":2011,"precio":"$94.83M"},{"patente":"WBADT53472C106352","marca":"Cadillac","modelo":2005,"precio":"$235.9M"},{"patente":"2C3CCADG6DH957370","marca":"Kia","modelo":2011,"precio":"$323.56M"},{"patente":"WBAPK5C50BF927476","marca":"Ford","modelo":2000,"precio":"$23.97M"},{"patente":"2HNYD18601H023517","marca":"Acura","modelo":1989,"precio":"$1.97B"},{"patente":"1G4HE57Y87U019651","marca":"Ford","modelo":2012,"precio":"$1.43B"},{"patente":"19UUA65644A695180","marca":"Dodge","modelo":1992,"precio":"$146.64M"},{"patente":"1GKS1FEJ5CR711384","marca":"Bentley","modelo":2006,"precio":"$13.7B"},{"patente":"WVWAA7AH6AV922887","marca":"GMC","modelo":2002,"precio":"$23.79B"},{"patente":"1C4RDHEG2EC536969","marca":"Hyundai","modelo":2008,"precio":"n\/a"},{"patente":"WBSBR93422E262182","marca":"Nissan","modelo":2013,"precio":"$295.19M"},{"patente":"KMHHT6KD9AU979522","marca":"Mercedes-Benz","modelo":2002,"precio":"$276.36M"},{"patente":"WBAEP33453P943009","marca":"Ford","modelo":2000,"precio":"$126.83M"}]